{
  "bin": "A",
  "mode": "A1",
  "A1h": 1.0,
  "b0": 2.9999999999999925,
  "b2": 49.9999999999943,
  "lam": 0.050000000000001085,
  "chi2": 315.72262247699615,
  "nu": 12,
  "chi2/nu": 26.31021853974968,
  "AIC": 321.72262247699615,
  "BIC": 323.8467730803028,
  "\u0394AIC_vs_GR": 96.21367813536838,
  "\u0394BIC_vs_GR": 96.21367813536841
}