{
  "bin": "B",
  "mode": "A1",
  "A1h": 1.0,
  "b0": 2.9999999999999996,
  "b2": 49.99999999999999,
  "lam": 0.05000000000000001,
  "chi2": 4371416194046.968,
  "nu": 12,
  "chi2/nu": 364284682837.2473,
  "AIC": 4371416194052.968,
  "BIC": 4371416194055.092,
  "\u0394AIC_vs_GR": 4371416193945.1533,
  "\u0394BIC_vs_GR": 4371416193945.1533
}