{
  "bin": "B",
  "mode": "GRkernel",
  "A1h": 3.5821929058415147e-06,
  "b0": 0.5000000000000001,
  "b2": 0.03284840957525602,
  "lam": 0.0,
  "chi2": 101.81455899878483,
  "nu": 12,
  "chi2/nu": 8.484546583232069,
  "AIC": 107.81455899878483,
  "BIC": 109.93870960209146
}