{
  "bin": "A",
  "mode": "GRkernel",
  "A1h": 847.7439407642148,
  "b0": 2.9999999999999996,
  "b2": 6.578947441672091e-17,
  "lam": 0.0,
  "chi2": 219.50894434162777,
  "nu": 12,
  "chi2/nu": 18.29241202846898,
  "AIC": 225.50894434162777,
  "BIC": 227.63309494493438
}