{
  "bin": "A",
  "mode": "freeA",
  "A1h": 847.1218789512125,
  "b0": 2.99957108043711,
  "b2": 49.90204382316187,
  "lam": 0.17765324836054003,
  "chi2": 219.43694195927952,
  "nu": 11,
  "chi2/nu": 19.948812905389048,
  "AIC": 227.43694195927952,
  "BIC": 230.26914276368836,
  "\u0394AIC_vs_GR": 1.927997617651755,
  "\u0394BIC_vs_GR": 2.6360478187539798
}