{
  "bin": "C",
  "mode": "A1",
  "A1h": 1.0,
  "b0": 0.5000000000000001,
  "b2": 1.3243142344328576e-17,
  "lam": 4.999999999999999,
  "chi2": 114783572.24661969,
  "nu": 12,
  "chi2/nu": 9565297.687218307,
  "AIC": 114783578.24661969,
  "BIC": 114783580.37077029,
  "\u0394AIC_vs_GR": 114783558.78339915,
  "\u0394BIC_vs_GR": 114783558.78339915
}