{
  "bin": "C",
  "mode": "GRkernel",
  "A1h": 1.4525917223708772e-22,
  "b0": 0.5000000000000001,
  "b2": 0.03409449738442829,
  "lam": 0.0,
  "chi2": 13.463220536598744,
  "nu": 12,
  "chi2/nu": 1.121935044716562,
  "AIC": 19.463220536598744,
  "BIC": 21.587371139905372
}