{
  "bin": "CMASS",
  "mode": "freeA",
  "A1h": 0.0017234553120373001,
  "b0": 0.5000000000000001,
  "b2": 10.790978987125825,
  "lam": 4.999999999998324,
  "chi2": 12.923516113168668,
  "nu": 11,
  "chi2/nu": 1.1748651011971516,
  "AIC": 20.923516113168667,
  "BIC": 23.75571691757751,
  "\u0394AIC_vs_GR": 1.4602955765690666,
  "\u0394BIC_vs_GR": 2.168345777671277
}