{
  "bin": "C",
  "mode": "freeA",
  "A1h": 0.000385233022993711,
  "b0": 0.5000000000000001,
  "b2": 8.92467099330809,
  "lam": 4.999999999999999,
  "chi2": 14.071002156741763,
  "nu": 11,
  "chi2/nu": 1.2791820142492512,
  "AIC": 22.071002156741763,
  "BIC": 24.903202961150605,
  "\u0394AIC_vs_GR": 2.607781620143019,
  "\u0394BIC_vs_GR": 3.315831821245233
}