{
  "bin": "CMASS",
  "mode": "A1",
  "A1h": 1.0,
  "b0": 0.5000000000000001,
  "b2": 1.692307338621529e-24,
  "lam": 4.999999999999999,
  "chi2": 4571847.396242069,
  "nu": 12,
  "chi2/nu": 380987.28302017244,
  "AIC": 4571853.396242069,
  "BIC": 4571855.520392672,
  "\u0394AIC_vs_GR": 4571833.933021532,
  "\u0394BIC_vs_GR": 4571833.933021532
}