{
  "bin": "B",
  "mode": "freeA",
  "A1h": 1.784667557445058e-05,
  "b0": 0.5000000000000001,
  "b2": 0.2994756302334805,
  "lam": 0.12345490779758075,
  "chi2": 48.648930983766085,
  "nu": 11,
  "chi2/nu": 4.42263008943328,
  "AIC": 56.648930983766085,
  "BIC": 59.48113178817493,
  "\u0394AIC_vs_GR": -51.16562801501875,
  "\u0394BIC_vs_GR": -50.45757781391654
}