{
  "bin": "CMASS",
  "mode": "GRkernel",
  "A1h": 1.6015773979316327e-20,
  "b0": 0.5000000000000001,
  "b2": 0.03409449785445131,
  "lam": 0.0,
  "chi2": 13.4632205365996,
  "nu": 12,
  "chi2/nu": 1.1219350447166334,
  "AIC": 19.4632205365996,
  "BIC": 21.58737113990623
}