{
  "bin": "LOWZ",
  "mode": "freeA",
  "A1h": 0.000969558555401456,
  "b0": 0.5000000000000001,
  "b2": 4.4772630232481525,
  "lam": 4.999999999999999,
  "chi2": 64.50503210279224,
  "nu": 11,
  "chi2/nu": 5.864093827526568,
  "AIC": 72.50503210279224,
  "BIC": 75.33723290720108,
  "\u0394AIC_vs_GR": -46.3060685289246,
  "\u0394BIC_vs_GR": -45.59801832782239
}