{
  "bin": "LOWZ",
  "mode": "GRkernel",
  "A1h": 7.78940759363618e-05,
  "b0": 0.5000000000000001,
  "b2": 0.0038927340276884935,
  "lam": 0.0,
  "chi2": 112.81110063171684,
  "nu": 12,
  "chi2/nu": 9.40092505264307,
  "AIC": 118.81110063171684,
  "BIC": 120.93525123502347
}