{
  "bin": "A",
  "mode": "A1",
  "A1h": 1.0,
  "b0": 2.9999999999999982,
  "b2": 49.99999999999909,
  "lam": 0.10000000000000013,
  "chi2": 315.83318645639457,
  "nu": 12,
  "chi2/nu": 26.31943220469955
}