{
  "mode": "FREEA_J2_FULL_(1+z)^2",
  "A1h": 1.0,
  "b0": 0.5000000000000001,
  "b2": 1.4825468329601772e-09,
  "lambda_mpc": 9.999999999988992,
  "chi2_red": 24018972240.38052,
  "AIC": 264208694652.18573,
  "BIC": 264208694655.01794,
  "note": "Diagonal fit with (1+z)^2 on 2h; exact J2 Hankel."
}