{
  "bin": "A",
  "mode": "freeA",
  "A1h": 499.99999999999983,
  "b0": 2.9999999999999996,
  "b2": 49.99999999999999,
  "lam": 0.10000000000000168,
  "chi2": 235.64302782584485,
  "nu": 11,
  "chi2/nu": 21.42209343871317
}