{
  "A1h": {
    "p16": 2.164756929746358e-09,
    "p50": 1.1173559398338438e-06,
    "p84": 2.812087289643943e-06
  },
  "b0": {
    "p16": 0.204877063087704,
    "p50": 0.22034450574351966,
    "p84": 0.310018692361523
  },
  "b2": {
    "p16": 0.17083763271321864,
    "p50": 0.26818790369208945,
    "p84": 0.3638245313011664
  },
  "lam": {
    "p16": 0.14107330707032392,
    "p50": 0.3676308082914702,
    "p84": 0.5877382554133603
  }
}