{
  "mode": "B_2h_largeR",
  "b0": 0.30000000000000004,
  "b2": 4.0252732094169437e-25,
  "lambda_mpc": 9.999999999999998,
  "rmin": 0.8,
  "chi2_red": 10568239053.246433,
  "AIC": 95114151485.2179,
  "BIC": 95114151486.67262
}