{
  "free": {
    "A1h": 6.96141391199881e-14,
    "b0": 0.30000000000000004,
    "b2": 1.6156668767518679e-22,
    "lambda_mpc": 9.999999999999998,
    "chi2_red": 8646744872.357452
  },
  "SPARClocked": {
    "A1h": 1.0,
    "b0": 0.30000000000000004,
    "b2": 8.122523022119484e-15,
    "lambda_mpc": 9.999999999999998,
    "chi2_red": 7931944863.159846
  },
  "GRkernel": {
    "lambda_mpc": 0.0,
    "chi2_red": 71370865236.29
  }
}