bin,lambda_mpc,lambda_err_minus,lambda_err_plus,chi2_red,AIC,BIC,is_gr,edge,source,dAIC_vs_GR,dBIC_vs_GR
A,1.267,,,7.730724325103622,93.03796757613983,95.87016838054868,0,0,results\tables\binA_fit_FREEA_J2_DIAGCHECK.json,-132.47097676548793,-131.7629265643857
B,0.518,,,0.855,17.405,20.23720080440884,0,0,results\tables\binB_fit_freeA.json,-90.40955899878483,-89.70150879768262
C,4.999999999999999,,,1.2791820142492512,22.071002156741763,24.903202961150605,0,1,results\tables\bin_C_fit_freeA.json,2.607781620143019,3.315831821245233
