survey,bin,lambda_mpc,lambda_err_minus,lambda_err_plus,edge,chi2_red
KiDS,A,0.17765324836054,,,0,19.948812905389048
KiDS,B,0.1234549077975807,,,0,4.42263008943328
KiDS,C,4.999999999999999,,,1,1.2791820142492512
SDSS,CMASS,4.999999999998324,,,1,1.1748651011971516
SDSS,LOWZ,4.999999999999999,,,1,5.864093827526568
