bin,lambda_Mpc,chi2nu_PFGM,chi2nu_GRkernel
A,1.3122579235214378,0.9062094262374907,4.289254985799908
B,0.9019485024998097,0.7517431746852105,2.542727306840574
C,1.016590651493848,1.1902685346209105,1.3787965337065058
