N_total,N_ok,N_edge_up,lam_kpc_median,lam_kpc_p16,lam_kpc_p84
166,166,18,12.098336546982921,0.843934971806162,137.56648312822418
