N_total,N_ok,N_edge_up,lam_kpc_median,lam_kpc_p16,lam_kpc_p84
166,2,95,61.10589507197621,22.64570816280592,99.5660819811465
