N_total,N_ok,N_edge_up,lam_kpc_median,lam_kpc_p16,lam_kpc_p84
166,166,16,10.70226278385449,0.7768795964229064,128.49146136324583
