{
  "bin": "LOWZ",
  "mode": "A1",
  "A1h": 1.0,
  "b0": 0.500000000000898,
  "b2": 1.6442308798534377e-19,
  "lam": 4.999999999999995,
  "chi2": 19600945.502135772,
  "nu": 12,
  "chi2/nu": 1633412.125177981,
  "AIC": 19600951.502135772,
  "BIC": 19600953.626286376,
  "\u0394AIC_vs_GR": 19600832.69103514,
  "\u0394BIC_vs_GR": 19600832.69103514
}